media_id,animal,human,logo,product,cta,video_views
6c535aa7-8c93-494a-893a-04314a665d87,0,0,1,1,0,2678
62fa2a64-008b-4452-af3f-61c965063758,1,0,1,0,1,722
d54e1178-7e44-43d1-8ac5-8b33a3207bc1,1,0,1,1,0,383
a7b9583c-5c53-426a-b8bf-fac43f390088,0,0,0,0,1,5478
feaa8fff-50ff-4946-999e-fc56168d3ac9,0,1,1,0,1,5185
8a6f3e53-e83b-4bfc-84b3-042300f6a79a,0,1,1,0,1,744
b3df2cfa-f631-40c2-8a6c-4d749fbfa2fb,0,0,1,0,0,367
b779fdfe-8c25-44e0-b3a0-0cc3794074d9,0,1,0,0,1,142384
447781c2-cbc7-47c0-947b-790a45f51dc5,0,1,0,1,1,16340
44f97488-e7b9-4394-86d6-5b49f260acf7,0,0,1,0,1,6977
61a03416-f297-4323-8be5-0a5c2ffb0db5,0,0,1,1,1,1661
8f79d8db-a13b-40c9-ab74-3ebc1eb054f6,1,1,1,1,1,4007
ba765380-8dda-4f87-8a63-eb290380c69c,0,0,1,0,0,304946
84322b4d-fca9-4f68-b133-ee061e5dc679,0,0,1,1,1,482
53ffd6b0-225e-441f-b2af-ccf6da3ad705,1,0,0,0,1,51480
f8627802-514f-4102-af46-73093a334fc1,0,1,1,1,1,8529
62855163-7762-40ad-8c8d-cf91361a7355,1,1,1,1,1,1848
59ebcf82-72cf-4dfd-9130-b8961c3e7a9c,0,1,1,0,1,540
dec755a4-9459-4aa1-ac44-8ee9263c41b4,0,0,1,0,1,613
ab763738-a7f5-4194-a8b7-e0fd62e030cd,0,1,1,1,1,11304
20eab369-f16c-4b8c-ab34-35cdc1553b3e,0,0,1,1,1,24723
a7bfe910-e956-4f1d-89a7-d2faac54e23f,0,1,1,0,1,10909
70978819-672a-46c9-8511-8109fbd40244,0,0,1,1,1,29135
539a3bee-1679-4345-839d-1775f2e6b563,0,0,0,0,0,44832
b7943bbb-4098-4d01-9d7b-86edcb257064,1,1,1,1,1,19732
e803434c-5400-40d1-9b0c-f4bf70bdd9b9,0,1,1,1,0,10638
6713505a-766c-4f28-9c99-f1e8a0a8d25e,0,1,1,1,1,12871
22ba5eb0-1e8d-4e49-a7ca-12f5a94275e9,1,0,0,0,1,35483
b6a1002b-04d7-45f2-8aac-3df271004c21,1,1,0,0,1,4446
9a1c8390-5e98-41f2-8531-787fcb70cfb8,0,1,1,1,1,48859
6cea721e-c54b-463f-9a8a-3764ff733036,0,1,1,1,1,2145
4357510f-05d0-48b4-8558-7e20ec470bb1,1,0,1,1,1,1436
4b5c50db-1fae-43d0-af67-f77f7caa4b13,1,1,1,1,1,22662
4099da02-3b92-4eb0-8586-6f44fc39b2f8,1,1,1,1,0,261
73680557-771d-4e48-b7e1-8ef6c396d88b,0,1,0,1,1,2177
2639744e-4779-474b-bb84-678b00c49bae,0,0,1,1,1,25905
be57e073-6b68-403a-a97b-a4eb66e9ccf0,0,1,1,1,1,933
6e74dce4-3f31-459c-ab08-ee68e5031808,1,1,1,1,1,6002
b8b8954f-4fb5-42d9-b5cd-c6b1b043b0d2,0,0,1,1,1,17694
b420a72c-0140-4fb7-ae64-e2f5b0eb7cfc,0,0,1,0,1,339
07f1f414-1d12-4c4d-9500-c39d541f7e7d,1,0,1,0,1,304
0701ad3b-b32b-45da-ba44-53a5260bdd03,1,0,1,0,1,12513
1932a448-28a0-46fe-bccc-5eff6153de93,1,1,1,1,1,32546
db1b4991-09a8-4b92-bb68-c2edd45ca856,0,1,1,0,1,887
f1817f56-febb-452f-9e33-a9e4ce4dbd74,0,1,1,1,1,366
880023a9-e828-4575-8a04-df46be25cfda,1,0,1,0,1,6935
6043a397-59cf-4105-80d2-54c4935688f3,0,1,1,1,1,5456
c0f5064a-ae9d-4133-8406-48bb4dcc62b5,0,0,0,1,1,1159
d00ab292-c595-4d4b-8c43-dee59d550f8e,0,0,1,1,1,1857
4babe289-5704-4f00-b373-ede4a6aa92c6,0,0,1,1,0,1905
252dbd97-8eb6-4886-b405-b21327f71c07,0,1,0,1,1,8793
59efb510-667d-46d5-a2cf-fd2d45f607d1,0,0,1,1,1,16419
b52084b5-b355-4c38-8b4e-8404cc85e74b,0,0,1,1,1,32721
8bedada8-f879-4104-933d-f14c4d5dffbc,0,1,1,0,1,22692
ac87522f-ea98-4fa3-aa68-5cbd538c6888,0,1,1,1,1,7779
884c7452-2a89-40b6-b0f4-2dcdc568560d,0,1,0,1,1,6893
e4c71f9b-cd60-460a-af6c-31d4c4fb1e40,0,1,1,0,1,14394
31920129-5367-4a80-a154-d3fa3aae07f4,0,1,1,0,1,2132
ef35f4d5-b391-4aaf-aaf4-fe2b34f138b7,0,0,1,0,1,25580
6e688d71-a088-4d95-954e-e5799f3aeb43,0,0,1,1,1,32149
15d701ac-fa1d-440f-8104-57b8a6878354,0,0,0,1,1,5472
6ce74b31-f3e1-4e56-a14a-2705ad52d27a,1,1,1,0,1,2571
47105386-24a2-4f10-96fb-3211c9e8fb57,0,1,1,1,0,21424
3f86be8e-49af-40d2-a947-059416c0db41,0,1,1,1,1,5458
d85b759f-d0bc-4184-adc3-d9ba35807db8,0,1,1,1,1,28740
7f157987-151d-48fd-9124-6cc116163958,0,1,1,1,1,811
020196e4-b669-4fd4-9e6f-115b6c888989,0,0,1,0,1,4232
aae64ae8-fe34-4abd-953f-2a229613a526,0,1,1,1,1,1618
bf703a16-6dc5-4c13-ab70-8d0c06f72d85,0,1,1,1,0,2774
124522d5-97fc-4b41-9679-b42fc2999bb3,0,0,1,1,1,19158
9637e8b9-8d50-4a21-9e4f-0cf1c295752e,1,1,1,0,1,3112
02163f0b-66b9-4045-9b05-215ff7086b13,1,1,0,1,1,17092
14796f5a-244d-4b96-a3f5-6f6d556b1cba,0,0,1,0,1,14259
59ab8b6a-0e36-466a-accf-04cf896f203b,0,0,1,1,1,12139
a9177fda-f440-41b4-b4da-a77d841fd9b6,0,1,1,0,0,6988
186b2a3f-efa8-457f-80a6-bc10632b8c8e,1,0,1,0,1,13023
58ffe210-2660-4996-b701-4f5d07d331d4,0,1,0,0,0,205
deed9a20-0aae-4ff0-b21d-80537b44f7b0,0,1,1,0,1,791
19333053-c41c-4e8b-a6d6-d94a69d86024,0,0,0,0,1,1097
6bb73366-ebaa-43b3-bc56-85eb9352fa18,1,0,1,0,0,2354
63445676-70a1-412d-b992-a89396e480b4,1,0,1,1,0,25288
b06189e8-ca89-4f91-98b8-eb00cef7584a,0,1,1,1,1,134929
1510bd0e-ec9d-4bbf-be43-4ef4ec08a285,0,1,1,1,0,1284
93b7a298-8a55-44c8-b897-a3763adea4f0,0,1,1,1,0,308
38ee0056-3911-4281-b06d-7db60ba95ece,0,0,1,0,0,2933
d603386d-ed16-47e6-b164-f5aa10e133b0,1,0,1,0,1,23839
807e39c7-0e24-43a2-af06-5209ebe2dd94,1,0,1,0,1,5824
01ecdf5e-0905-48fb-8d90-a68126656b23,0,0,1,1,0,11687
9fdc54bd-5a92-4fca-8b99-9c46e1f9b88c,1,0,1,1,1,15321
831906f1-6380-4926-894e-bf367d12041a,0,1,1,0,1,19791
18e3c1f8-13f4-41e3-bae8-17c14f9268ea,0,1,1,0,0,12298
52eae844-cce3-4645-9e56-439604a73766,0,1,1,0,1,335
70c8f61a-275a-4de2-8fb8-1449a4423cf3,1,1,1,0,1,19316
e4ba2c44-ee39-411e-9833-4b7fdddb8e31,1,1,1,0,1,5124
04cfb1f8-f733-49a7-a7cf-d7a390ce445d,0,1,0,0,1,4657
1e5eebc1-11a9-4ce2-ba3a-8703f92c8001,1,0,1,1,1,4212
0d786e46-1dd1-4d63-b318-f96da9de692e,0,0,1,0,1,9917
34c0473e-32dd-420f-a950-9a3c754eaed2,1,1,0,0,1,3634
d77f3cc7-92a2-4648-a35b-e2c79bfb4df9,0,1,1,1,1,4509
320ad23f-bc95-4594-a367-794f62169960,1,1,1,1,1,2323
d185b3c3-be81-41a3-a826-1d48f12a592a,1,0,1,0,0,1760
3f8614c1-6c6b-451e-9b77-92ca10280974,0,0,1,1,1,13430
80540947-e16f-4433-a8cb-aaaa096ce502,1,0,1,0,0,1729
679ff2f8-5eb1-48f9-96b5-30f4fbb3f4b2,1,0,0,0,1,420
fc168f63-d9dd-4431-a086-4ae923b9ecea,0,1,0,1,1,24562
b7ea1398-629d-4f3c-b47d-51f9f8087892,1,1,1,0,1,284
afa01303-268c-4b68-9c85-b720193a56c7,0,1,1,1,0,180
c4c6ef0c-b8fc-48a7-abb7-7480bae3d763,1,1,0,1,1,6899
5b3f7215-5800-41ad-8255-d0917977cd87,1,1,1,1,1,57939
5f958660-7b36-4520-98f4-f58ba02b1d9d,1,1,1,1,0,2399
ee3658a6-92e3-4584-9a08-df4a186e0313,0,1,1,1,1,738
5e06e4af-802a-4583-8e21-91cc6869c2e5,1,1,1,0,0,2944
ce6163d9-ff74-4e8c-9f13-19101fc147fb,1,0,0,1,0,684
cda24d2d-ec98-4684-af71-be7f5f775b65,0,0,1,0,1,383
56a27b1f-77c0-431c-b3df-c95f27b66f56,1,1,1,1,0,19909
1478cd9e-ab57-4db6-be56-43450b13eabf,0,1,0,1,1,1010
5fc6cd6e-d80a-4c3e-ba11-ddda3690a0d9,1,0,0,1,1,6968
1cca95b5-5cd1-45bf-ba4c-62565db68546,0,0,1,1,1,3656
aa6ceb81-d628-407f-9545-b30cea77d74f,1,1,1,0,1,7967
082ff0da-5a3c-4f58-8e91-4f26e2017704,1,0,1,1,0,11271
79273ec5-7ed3-4e22-b07d-bf63a290e1ee,1,1,1,0,0,80773
897d6c28-184c-49fc-8eb9-c76a5a84aa13,0,0,0,1,0,640
2e80fcae-04c0-423a-901d-8d6884aa086f,0,0,1,1,0,258
db73822c-70c2-48a3-83c8-6756c98030f3,0,0,1,1,1,401
8a7e2a46-f8b9-4b37-b3f7-377fe0f60b13,1,1,1,0,0,109416
12ece6b1-5d4c-49fe-819c-aa91b76c8352,0,1,1,0,1,12902
85d43521-00f6-4b29-a795-ce08c32e0bb5,0,0,1,1,1,4802
8e4858a8-1efc-4b43-8436-ec12366fde67,0,1,0,0,1,251
34e549ad-dc6b-4c13-957f-6f6d36645878,0,0,0,0,1,2372
23cd94dc-d27c-4ffe-bbe9-b9b393984e2a,0,0,1,0,1,20203
b3dee682-a7fa-40e6-9f1f-0eee099d3f86,0,0,1,0,1,449
f5d2dc5b-9cbf-4984-ae0a-a18dabb08cf1,0,0,1,0,1,981
15f396d2-5153-430d-a737-d88b6ead61b1,1,1,1,1,0,2451
9b1c90ee-c2bc-4115-a21c-0c0376d13be7,1,1,1,1,1,802
41cf2403-dc19-4a7e-bc93-bd2522225de8,0,0,0,0,1,4660
be616f8a-d2d4-4f3c-aee6-865330e6255b,1,0,0,0,1,1123
7a6c8553-6116-4b6f-8f32-66f4226cde28,1,1,0,0,1,3224
3f28aae6-c405-4320-8ada-70344dca3f62,0,0,1,0,1,323
d10d176c-0e03-4a97-81a5-e8563e872433,1,1,1,1,0,270
1d891c3e-643f-481d-9f0a-7ff6bb8f0f31,1,1,1,1,0,1512
94914451-4e24-4e84-b998-fd31618fc651,1,1,1,1,1,636491
2d449aca-c3c2-4232-bee5-722479c6cc8e,0,0,1,1,1,3095
52912c51-9120-4bd7-b164-ee05b34ff076,1,1,1,0,1,8477
da82b1cd-8da1-406f-98c1-98fb2c40383d,0,1,1,1,1,70963
d828c610-f4b1-4a9d-a1cd-cb1d95da0ff3,0,1,1,1,0,836
d2cb8a05-fb93-437a-bf97-ecf048ee3164,0,1,1,1,1,209
d266cc15-09e2-4d8e-916d-8cb23b3fb3fb,0,1,1,0,0,6182
9df0804f-10a5-494a-8dbe-37740def4545,0,1,1,1,1,7547
e107e6be-7c6c-4a2f-ae90-a5dff6d89f1a,0,0,1,0,1,7016
04ac8f9a-da1c-423a-91e0-e49c23da1560,0,0,1,0,1,856
00b5f333-d566-4966-b958-f23a5f36a168,0,0,1,0,1,1627
71c7da02-7375-4b6e-a3a2-45322963ad3e,0,0,1,1,0,148
109d7e67-40b0-4324-ae14-02c03a513c4c,0,0,1,1,1,23799
9fb111d8-2fe6-4745-bb8c-685ede0275ba,1,0,1,1,1,12970
212f67df-f439-4825-b191-40417ec35221,0,0,1,1,1,36662
acc113d3-1a5e-4f28-921d-01ea3d50eea2,1,1,1,1,0,1362
2eb5f3e3-74fb-444b-986c-1b1191e342b7,0,0,1,1,1,27384
6736df71-5a09-4f10-9390-5d19f2f92327,0,1,1,1,1,10510
e5eab932-73ba-452d-b157-00f6996b5f3d,1,0,1,1,1,1658
45d6c4ad-97ee-4b5d-b81d-e9a217c3432a,0,1,1,0,0,2053
b8d47797-79e8-4c6e-9592-34c61cb22d81,0,1,1,1,1,1349
9a8c68f5-f8ea-49e4-a57c-f61052fe57dd,1,1,1,1,1,1246
e64f7b69-5efe-400e-9bd5-959286e98a3a,1,0,0,0,0,18754
f5daddbf-32c2-4ee7-bf36-3dc7cc888ba2,1,0,1,0,0,7507
cd4c782a-6380-45a3-999b-632301ed5a0d,1,0,0,1,1,6528
0ff380d6-eeeb-4554-9f06-ec09197c6519,1,0,0,1,1,4146
6f2037a8-5d17-4f6c-a5c6-e568308ac3a9,0,1,1,0,1,73005
6ea048a0-e0d2-4c3e-9d54-cbca9f92fe52,0,0,1,1,1,4083
601e2e7f-6071-4f68-b8c3-0f5902f72fe9,1,0,1,1,0,42366
3c2f4428-f698-4285-8634-aedefb40de92,0,1,1,0,1,373
4ad63d2a-be88-4735-a576-91d123cae586,0,1,1,0,1,4355
61824927-98f6-4010-b9ee-d772ca519d01,0,1,0,1,1,1874
32a4218f-f277-4ef1-9e78-41fa0e37e39b,1,0,1,0,1,18679
bafaab9f-d3ad-4d2b-bf27-a30a3a2e87f3,0,0,1,1,0,653
e4f8dd69-1055-4cc8-8465-4871c532a832,1,0,1,0,1,1378
b28f0684-12ed-47cb-9681-3b0c22236b79,0,1,1,1,1,453
4e7093e7-257b-4b09-9cce-d5ec8c695f75,1,1,1,0,0,19938
159b6787-73a1-45a2-b57e-d851f8386c78,1,1,1,1,1,624
57e9ab81-7641-45a8-88cc-5ee24c8e9924,0,0,1,1,0,400774
b3af8c06-d886-49b8-95f6-96f1b9af3c93,0,0,0,1,0,433
fe1a3255-def5-4b1c-9cd1-ef528c74766c,1,0,0,1,1,1500
da610f5c-c730-4da6-94d0-29331c796856,0,1,1,1,1,6078
a5915417-b0c2-47b4-9157-4bf83df64d86,1,1,1,1,1,995
04b2371f-3d9c-4381-ba52-853823174aeb,1,0,1,1,1,4106
11d4bf5f-ccc3-4fe3-913d-bac71c9f141e,1,1,0,0,1,684
7f2aedee-153c-48af-ba71-121076b473b7,1,0,1,0,1,5476
7e214d85-bca2-4705-bbcd-34ba151c56f0,0,1,1,1,1,5349
3905f15d-69a0-4a2c-b794-2fc1440a978f,0,0,1,0,1,1704
87c179a8-c41c-4000-93c9-9143d53c9299,0,1,1,1,1,12568
04693c66-c35a-47c7-bbde-0a90f22309bf,1,1,1,1,1,11736
3fa9a10c-617f-4673-86f6-e5aed9dcfa57,0,1,0,0,1,3548
406a84b5-1dac-41d7-8433-cdb750c0b4c2,1,1,1,1,0,62658
ad3ba3d7-f525-43dd-bc63-5aa42328f7d5,0,0,1,1,1,1336
6f8ca662-e031-4d08-bf15-5987988ef455,0,0,1,0,0,1772
134b776f-93a2-48fe-b32f-680b574ee167,1,1,1,0,0,68076
5a984dc8-013f-4d7f-98cb-726580ed8383,0,1,1,1,0,595
9d1bfd07-2b7f-48eb-8c7e-0cf89b594157,0,1,0,0,0,514
4a25000e-931d-4f24-bd32-58daa76a5160,0,0,1,0,1,15397
e08de63c-14be-485d-b118-69c03481cb80,1,0,1,0,0,561
34ced12f-cd06-4d9a-91a9-ae9c277648fc,1,0,1,1,1,1111
a1b86e1d-5f6c-4760-81df-a5fddb76f9c8,1,0,1,0,1,4958
b888ddbf-b877-45fd-a58d-e32a797da86e,0,1,0,1,0,193944
a03ad8fc-27b8-4c71-a86d-b9ac8d6220ce,0,0,1,0,1,2317
f703cba5-9379-42e0-ac78-8b7a4c566113,0,1,0,1,1,5684
a5b960ad-8adc-4a13-b443-c2d0e9575f9c,0,0,1,0,0,9462
aefef19b-80c9-4d59-99fa-8580771c41ee,0,1,1,0,0,14073
1d6e6c73-a1d9-42c5-9344-c84826b20f94,1,1,1,0,1,1583
3ad94f4c-ef32-45d4-b0b8-fd60fc644073,0,1,1,1,1,1173
b109e914-ea0b-4cd6-8dff-3cbc9deb1895,0,1,1,1,1,60759
d68bf071-77f5-4da0-b703-95fb94f189ec,1,1,1,1,0,20385
e2a3e9f4-f709-42ea-a3bf-1bff9202f6bb,0,1,0,1,1,540
fe6b3252-446a-4e86-a8e0-493ad442434a,0,0,1,1,1,35222
c895e077-f231-4a88-b46d-b0f971e30161,1,0,1,0,1,517439
d496c5a1-d77b-4f81-8c1c-a4298ea3fe25,1,1,1,1,0,11055
6e77af32-fc2b-4fb6-a399-c5289b5df703,1,1,1,1,1,36147
e5140c52-5196-48a3-8b61-386a775959c9,1,1,1,1,1,1129
dc759d46-61b1-47f1-aa2b-6087f1311618,0,1,1,0,0,411
100653db-12eb-4c43-ae68-931c58037e3a,0,1,1,1,0,512
5b1ff5e5-0008-4f0e-aa9d-9c5d8c4ca61a,0,1,1,0,1,5807
138d9fa8-1dc2-41d1-94c8-51825cfa4997,0,0,1,0,1,150
82f0608b-f9e7-41cd-9428-6766765b5a76,0,1,1,0,1,790
cb4fc5d5-8cbd-4b2a-828e-0001f1e68961,0,1,1,0,1,21326
48aa1e2f-aa99-43bc-b364-5a4123425922,0,1,1,1,1,5122
a4232f44-4123-4366-98ff-fe68862509fc,0,0,1,0,1,3415
1cfd6ee8-b196-494c-b2db-5c36609de792,0,1,1,1,1,6840
0ff7a24e-93aa-402f-952b-093d43b4eb08,1,0,0,0,1,2150
fd41cfca-ebc8-4d2b-a573-97443b40b540,0,1,0,1,0,1236
469eba77-59f2-4867-b2c5-42712a132ef8,1,1,1,0,1,18279
02dd97b7-9e13-4d43-8c33-63643631fcb0,0,1,0,0,1,2824
175d21b9-d1bc-4ba3-ba31-5fdf41b98f6f,0,1,1,1,1,7203
c417458c-6819-45f9-bae2-4701c6d4f8fd,1,0,1,0,1,12122
1abf0f74-060b-4219-ac87-b41b19c3d8e8,0,1,1,0,1,254350
76f064b1-b6b5-409c-b5a6-da9f22beeaef,0,1,1,1,1,6091
872927f4-8fe4-4d42-acfc-0fd58563ab65,0,0,1,1,0,963
f8e8da41-40c5-4b50-afa6-6407f24650e9,0,0,1,1,1,1658
083629b5-5196-4a3c-8608-f51897d94428,0,1,0,0,1,10912
ea5a3b1d-548f-48e9-ae14-a474edc4e77b,0,0,1,1,1,2120
476c0201-714d-47be-8a42-ccc89db10c0f,1,0,1,1,1,3666
109f8f21-d263-47c3-a1eb-b31a9bf86c63,0,0,1,0,0,163667
32899146-18bc-4a39-a3fe-2ce7453eb04e,0,1,1,0,0,6580
fb47e0db-ab42-4a85-940c-cfede02dddf4,1,0,0,1,1,10225
3675d294-524b-49ff-a4b1-35ca8124658e,1,0,0,0,1,22613
27f3ad56-2ff2-41cf-aa34-556e81efcc90,1,1,0,1,1,915
5207adda-2d00-4cd2-a24e-ba4b0d516963,0,1,1,0,1,5803
a7a174b4-cce9-46e9-a6e7-3bf8aaf50ce1,1,1,1,1,0,17134
956cd4de-2ac8-470d-aea8-d7d20f0433e5,0,0,1,0,1,1969
611be32f-490d-4be5-acb1-64de2dca4e58,0,1,1,0,1,11980
ea30b941-d87b-4df7-aa4e-da8ae3a9a739,0,1,0,0,1,14889
0be3c19a-7479-4839-abb4-8e8dbb8a35e2,0,0,1,0,1,5124
dc2145b7-f27b-4a14-9f13-a59a691c9f6c,0,1,1,0,1,7282
650cb056-27e7-4c39-b474-f7c1a0cd06d6,1,1,1,0,1,913
2cd995ba-42aa-469f-8f34-28ce257df4a3,1,0,1,1,0,267188
8029ef27-9e64-42af-a7e6-d0d14cad5eb1,0,1,1,0,1,11033
0910fdc0-f75c-46b5-bdd8-0ffee7813545,0,1,0,1,1,9396
4f54899e-898b-4c25-bfdf-d1d1a0cc0dbf,0,1,1,1,1,325
f220bc4f-e527-487a-8084-85ba479e9fa0,0,1,1,1,1,10998
eb983d13-a601-4dd0-b137-7c4cf09ad346,0,1,1,1,1,729
3a4a2fc9-7350-4a81-8ce5-fb0fe00045a2,0,0,0,1,0,124
36cfc4b1-e760-416b-9c4c-4ddc7aaeba4c,1,0,1,1,1,6818
1bd3518a-932d-4be8-b118-4aff4cc57106,0,1,0,0,1,2933
4ca72daa-9d0b-4ccb-b66f-463569335548,1,1,1,0,1,1536
5b899cd8-3e27-475d-9d0a-1a52ad41a561,0,1,1,0,1,2401
f4e08b57-20d8-4977-a7f4-a34638e56f20,0,0,0,1,1,3391
0bb0933b-0f1f-4993-b072-797cd0da871a,0,1,1,1,0,3286
cc0201a7-76ea-4d2e-934e-67dbed419611,0,0,1,1,1,56148
9d2d8100-9274-4a2d-b7fb-48301c8c44e1,0,1,1,0,1,1853
295c225e-5036-4105-81bd-2bf0cf56ef20,0,1,0,0,1,3252
16d99e17-5439-442b-8061-c9a0b5ee633e,0,1,0,1,0,1592
c2692a3a-8742-434d-9c90-e10e4f672d5e,0,0,1,1,0,1754
e0acd5df-a038-46c6-980d-59a313aed72d,1,1,1,1,0,1278
2c1fb687-81e0-411c-b1bf-df049f02aac1,0,1,1,1,1,1571
1ded76f6-9331-4bcd-86c9-6f62479fb01a,0,1,0,0,1,1312
a1c7a520-0c60-4f32-8a18-726b7db1b905,0,0,1,0,0,2154
e7221e0d-ff91-437f-bbdc-ec72124715c9,0,1,0,0,1,5294
b63398b9-a8bc-4a24-aa4e-37d0c0b83d25,1,0,1,1,0,24269
4fac759d-5725-4c23-995b-3bfa0ecd9ae7,0,0,1,0,1,943
09ce041f-178b-4f1e-8d9c-a386fafa13bc,0,1,1,0,1,2765
bb01d556-4207-47f5-9a0e-b3d0dbed4351,0,1,1,1,0,22733
79e8e678-aa03-4fbf-a234-a9ec3b171d84,0,1,1,0,1,955
7a7c190a-b24a-4416-9e1c-ef92d8708ef9,0,1,1,1,0,971
bb3d91cf-ab43-4d72-ac4f-c994643bf0e8,1,0,1,0,0,25191
c4a155ff-850c-45d5-9cd7-558d66750146,0,1,1,0,0,6403
ed7feefd-c523-46e0-a1ee-005f9f9f8dd8,0,1,1,0,0,1494
706ec38c-818e-4de4-90a1-6c45b2a2b88e,0,0,1,1,0,167
d692d98f-258d-4299-b3f6-5c9a869b3d61,1,1,1,1,0,2482
7cb99648-dded-4107-8d71-f1a382729d66,0,1,1,0,1,1700
4b520b04-f974-48b7-af3a-8a56dead2bc9,0,0,1,1,1,1667
8f398b38-3346-4ed5-b163-e87387abfe9f,0,1,0,1,1,3364
13e4079f-270c-4828-873b-5a72f6f52083,1,0,1,1,0,60501
c18fe66b-af48-4874-97d3-9f0167beab24,0,0,1,0,1,1463
5216184e-d997-45f6-b3e9-c5f30bc28c9e,0,0,0,1,0,215
6d881aa0-83a0-4010-a17a-0183e284902c,0,1,1,0,1,12577
6b52a60f-881f-4eb1-b2ca-6f71fd1f2cb5,0,0,1,0,1,43355
7a0384da-cc3c-4fd5-b843-8990306d0582,1,1,1,1,1,38106
a9b8b730-55ff-4807-a50c-4e7bba020340,1,0,1,1,1,492
6eee442d-07dc-4da2-960d-05ff15c999ca,1,0,1,1,0,3468
677ea7ad-cdc2-4b5d-9421-00ed0e614c01,0,1,1,0,0,13039
9ec9fe40-a30b-40fa-9769-7fef9601043a,0,0,1,0,1,930
61a4518c-8c5d-4b03-ba28-90c0c7e5ef92,1,1,1,0,0,13977
782653ac-2074-4b2a-8ce9-97b4099c9313,0,0,0,1,1,1671
3f5e86c5-835c-41bc-bb0c-56e84be53c81,0,1,1,1,1,203976
37c115af-e140-418c-a6b5-a55f8097361e,1,1,1,0,0,829328
b9028349-e971-402b-bb43-5a90ab4704bb,0,1,1,1,0,11658
db95d273-e6c4-447a-bcef-bf3cc549f8a4,0,0,1,0,1,8253
b694101c-c5b4-4b52-9a51-ce092acec348,0,0,0,1,1,8900
4a4e5f91-1feb-47a6-9e51-f1d903667caa,1,0,1,1,1,81689
c9521150-5b45-486a-8e7d-cec1cd92c06b,0,1,1,1,0,16711
5f2d0e8c-80b8-465d-a87c-837f61939d3e,0,0,0,0,1,1745
592656d7-18d4-4d8a-895b-399ea965bc2d,1,0,0,1,0,1008
69f772ce-6f69-437e-a22c-0b7287809d90,1,0,1,0,1,1510
1f38047f-a965-44de-a179-6e6d10b3de20,1,0,1,0,1,693898
e3433862-07ce-4079-9d66-9d03fbcf5960,0,1,1,1,0,39259
a425b0fe-1fc8-43ab-8670-9a27c4481310,0,1,1,1,0,222
5a45da74-01dc-484b-99ad-1189a551cc99,1,0,1,0,1,8898
cd8d3b51-4548-4ec1-8fad-39e1a212faa1,0,0,1,0,1,8381
8225f48a-c608-43d4-afbc-e974ac655716,1,0,1,0,1,357
c1558f77-b450-4325-8055-5865fc9a0f46,0,1,0,1,0,6322
29e742c8-911e-4446-a6d8-b2386cc420c0,1,1,1,1,0,8688
e86e2578-25ff-4266-beb8-ae25d88b9314,0,1,1,0,1,377
7292fde1-836b-4c21-b991-cb0fd10f02b5,0,1,0,1,0,1936
fa74026e-a370-40a6-92cc-e054369b83e7,1,0,0,0,1,555
db4817b9-6917-4938-af70-b941763f7aa9,1,0,0,1,1,43222
64013c77-bc31-48f1-8585-585fb79f41c2,1,0,1,1,1,2414
ed5524cc-49e0-490f-8600-1ead0f37d806,0,1,1,0,1,2512
4b532ac9-6fb7-4322-88d7-e9a27de7064f,1,0,0,0,0,416
2130a372-8de8-4f89-bd13-7634f161a62a,1,0,1,0,0,1152
4fbe87d0-2acc-464f-9393-91b2cc6824e4,1,1,0,1,0,30344
f8ee9f0a-c668-412a-9d0a-1922939c03b0,0,1,1,0,1,24315
71ce543b-0c68-4cf2-88e9-384c442a8395,0,1,1,0,1,210566
3432a8f0-ab5e-4c18-8fbf-6b06588a642b,1,1,1,0,0,9957
1da44fa4-6bce-4653-ace9-48ec558731c3,1,0,1,1,1,1190
e3bd748a-3638-4e7d-8e36-dfdca46d3f27,1,1,1,1,0,43830
ea98b13e-c163-48e9-98dc-44b682abc023,1,0,1,1,0,2714
559283b3-fa83-41a2-b69b-eb2e53263fd2,0,0,1,1,1,507
39d31d46-10b1-4953-8399-e649728117ee,0,0,1,0,1,8846
9c73f8f0-ee00-4967-9ccd-14a5d628b99f,0,0,1,1,1,4377
4ad3e4b9-3c51-4aa5-ab7f-c578d762adc4,0,1,1,1,1,12086
3a6c2a65-b31a-4518-90e5-cb1125a277fe,1,0,0,0,1,43545
59acc481-f45a-427b-8ac5-78a02d034f4f,0,1,1,1,1,500
f293ba98-6ab4-44c9-934c-dbd5218719b1,1,1,1,1,0,997
428d0b8e-f7c0-4ade-8df4-b3906d4f561a,0,1,1,0,0,7097
6c563c09-1b40-46e7-a7af-3e80b71e6778,0,1,1,1,1,1549
29ba9ab3-00b2-4fb8-aa9f-643a312aec3c,0,1,1,1,1,3933
c3261893-65fb-4131-b858-58608a10cf1b,1,1,0,1,1,7431
60f0e292-69f8-4bf6-9cff-cafb157f8827,0,1,0,0,0,850
355f8765-e986-415e-9969-4165af11aac8,0,1,1,1,1,1682
e6836209-565c-4d6e-b742-4917c715082c,0,1,1,1,0,1298
16ffdc8a-1499-4b14-a67f-6ebe5f34b6c3,0,0,1,1,1,3491
65f294bd-3b2a-4f29-a4be-3cf520439f0d,0,1,1,0,1,12949
721c821c-b5de-4bd3-9e20-44779827fb48,0,1,1,1,1,3521
ef2671aa-b7b4-477f-b226-c32c593b19b9,0,0,0,1,1,187385
db1252cc-013c-42d6-addb-9f5ea3851dd4,0,1,1,1,0,3073
bea563de-800b-4a30-ac15-5ab7bdbc4239,1,0,1,0,1,1387
adc874bb-e961-404d-8ed7-ddfb5c5cebfb,0,1,1,1,1,2879
d3f61aee-5c72-4b5c-9901-dda979482e4c,1,0,1,0,1,172377
07eaa204-249b-43ec-984e-0b443970000f,0,1,1,1,0,755
78ad9610-2ddf-4f8a-8868-57a24ac34212,1,1,1,1,1,3788
52b3ce47-4f0d-465a-a644-74933baac15a,0,0,1,0,0,121808
f1d58608-f3ee-45e1-b65d-e58264f96ed9,0,0,1,1,0,1512
9698e25a-4583-4b82-bef4-fe33ef2aed8a,0,1,1,0,1,102454
f7683fde-41a0-439e-8955-1835a44d4138,1,1,0,1,1,76202
f6b74a68-b3a2-43f6-99b8-ab36b4b255c7,0,0,1,0,1,3367
8c543877-e415-4659-a54c-4975c4c235a4,0,1,1,1,1,9254
085e6325-1923-4409-999a-5a97a0c7bbd0,0,1,1,1,0,1017
1ad86304-3b34-498b-aeaa-ccabb7b2b8d0,1,0,1,0,1,507
23083cb2-e092-4b4f-8b77-4e77809a8bcd,1,1,1,1,0,18736
cbbdf375-7787-4004-b16b-b65308a30896,0,1,0,0,1,80861
283551cb-ef58-4f5d-ae7a-2be9d6d3e9a9,1,1,1,0,0,450
a14ef856-16c1-4550-9934-545c5f4a84b7,0,1,1,0,1,12840
657a164c-ca8d-42d3-bd93-1e668e0d026c,0,0,0,0,1,26704
e27c691a-c096-4bbe-bb3a-f9a3890a6992,1,0,1,0,1,27548
670c3a9e-65fc-48fb-a58a-dc6de33bc06e,0,1,1,0,1,4607
d7121069-8c67-4b7c-81a8-87f32889199c,0,0,0,0,1,1027
7b1fe4b4-eb4f-4fe1-9441-72666de1d23e,0,0,1,0,0,95203
0d384501-9967-40a3-b687-63d96ed58066,1,0,1,0,0,21742
d477d401-d215-42ef-80a0-0837a3be211a,0,0,1,0,1,835
8465b864-bf88-4b85-92a8-b1ced801af70,1,0,1,0,1,930724
37faee69-5403-4392-b1e9-bb42cd8779e7,0,1,1,0,1,3251
3b162a71-6847-4ef7-b57a-e2f643e78854,0,0,0,1,1,293
2ad6c6f9-18d9-46ad-aba6-eca0a31f2527,0,1,1,0,1,7997
221320d4-f509-4260-97fb-827d0ed296f9,0,0,1,1,1,2511
38c7739a-7f02-40a4-8628-29314de7adbd,0,1,1,1,1,352
b8decaa4-7159-4408-bf65-85119fbdd897,1,1,1,1,1,4274
c01f6915-c646-4f6a-93b4-074f929dfbbf,1,1,1,1,0,110025
b48b4876-a9c0-4767-bf1b-b126f41ae1aa,1,1,1,1,1,2381
cec4fb6d-e15e-483d-828d-909f848d4fe7,0,0,1,0,1,338
8bb0d2e4-32bc-41e4-9e22-8986b9b553e9,0,1,1,0,0,642
931104f3-9454-4764-a69c-74fe35eae9ec,1,1,1,1,0,19465
46a66edc-287d-4c11-8563-dac0c330f04a,0,1,1,1,1,6598
bcf828e1-3197-4864-b1c8-36e57052dc92,0,1,1,0,1,7087
3e18cf8b-6765-478f-a0b9-d494c168529b,0,1,0,1,1,518
cb892046-9239-4587-975e-fcaefc61e53d,0,1,0,1,1,2020
81234a6f-3acd-47a8-9944-43a8775e48ad,0,1,0,0,1,5732
1733445f-51b6-49b9-9cf6-3ea530950348,0,0,0,0,0,620
577e9ba8-5076-409f-acd4-02b96276dd31,0,0,1,1,1,1977
14c1e0ce-dbe6-45a7-89be-d0dbc610d0a2,0,1,0,1,1,16824
59cf1bee-e25f-4266-beac-68cc3736ab99,1,0,1,0,1,9630
3179ca98-904f-48d7-8ead-0b0edfb4a1d0,0,0,0,0,1,1321
c31680ab-ef74-486e-af9a-eb95ed5deca8,1,0,1,1,1,11718
0b59aeee-4425-4dff-bc0b-482793afdf45,0,0,1,1,1,123906
44a540e6-fe98-4d70-9cf1-59e35235db36,0,1,1,0,1,12776
06f03133-1b03-4cfa-b360-6e1e2dc1cd42,0,1,1,0,1,16075
c98a8ac5-f602-4e65-8c3f-3dafff674d95,1,1,0,0,1,7600
4b76bdef-4ac4-439d-8657-09564a1071fa,0,1,1,0,1,2288
b720ac90-91de-473d-8e49-1305140d6e26,0,0,1,1,1,6719
aadf2db5-c9f8-434b-b08a-b315261adfcf,0,0,0,0,1,4567
0cb83f35-2d34-4cb4-8c71-679a93563b17,0,0,0,1,1,110487
b6304571-4cfb-4d3d-950d-ed420e7f1522,1,1,1,1,1,397109
2fd3a2a5-adc6-41ee-a791-1cc5a298476d,1,1,1,1,1,3312
c3146499-a0ea-496d-9654-929d45e24540,1,1,1,0,1,6438
a7d71b0a-92ff-440e-8f99-e33743535627,0,1,1,0,1,1678
ec17eaec-f53d-452b-b9a7-498d4d9f80a3,0,0,1,1,1,800
bcc0e73c-50c7-4442-a58b-cad1bd9e2ad7,1,0,1,0,1,57915
467950a2-7c1e-4d4c-8864-3ce164aca64b,1,0,1,0,0,30103
2b66891b-516d-4387-ab76-718d3950526f,1,0,0,0,0,19692
87cde359-2c6a-4bf2-8de3-c59c0903e172,1,1,0,0,0,934
506721ac-8047-4533-ad1a-20c6fe0bc281,0,0,1,1,1,97255
ebf7259e-857a-4019-bb77-553802fe7b6f,0,1,1,1,1,1869
a4bdf7c5-7f55-43e0-934e-6b65d9ae0ce0,0,0,1,1,1,184
3e0044f2-97eb-4ab9-862a-fcd17ccc1caa,0,1,1,1,0,15622
e23a6b5c-c8d6-47fd-95d4-df82baa17e5d,1,0,1,0,1,369
46e7dd7d-102a-473c-a02b-6155a7cbeab8,0,0,1,1,0,16160
52208320-4d71-440f-abf1-561c0da17b08,0,0,1,1,0,73952
d4a4f0a7-fc65-4a77-a669-928bb6ac1d67,0,1,1,1,1,11676
25277818-4a7d-427f-a1ed-cc814528b8e5,0,0,1,0,0,2853
c8aced9a-2171-40d9-9f76-99a78171cfd9,0,1,1,1,1,7770
e0b9de27-90f2-4a36-892c-e6bc6624831d,0,0,1,1,1,5085
0b9f3e6c-5c3b-4896-87d9-2ab7a0a7a3a2,0,0,1,1,0,1235
6a8990c9-79be-41b6-b76f-134e590c06b6,1,0,1,1,0,16599
68fe6da2-3c92-43f1-976d-dda631cdb67d,1,0,1,1,1,6856
899a8302-61d7-48ae-acb3-9e0e136911c6,0,0,1,0,1,224
86a831c5-9cb7-4d89-bbca-71b35a27b263,0,0,0,0,1,9918
50a43b5f-9ad9-4b2f-b834-e81191c19e28,0,1,1,1,1,864
d9d7cd08-49c7-4e05-b41a-e5265596b08d,0,0,1,0,1,10233
0f2918c7-422e-4c75-b330-6381861b3f96,0,1,0,1,0,280
f3a187fa-2f49-40cf-bf4d-421f4bcd1726,1,1,1,0,1,10484
0a7a6669-5fea-49eb-9ca1-ce2baa14087d,1,0,1,1,0,532
5d8d7418-ecfd-4eb0-acc3-e0df12bb09f8,0,1,1,0,1,453
d2ec1f18-79a5-4f60-968c-a3dc80fab3a7,0,0,1,1,0,15391
5f8444fe-aa5c-49a0-8af2-315cf0152c1f,0,0,1,1,0,3340
cf4521c1-fe2a-444e-9e27-fa6d0976d563,0,1,1,1,1,6251
34a6a01c-449e-4b2c-8642-eeed9526d4c6,1,0,1,1,1,3296
d4ce41c8-d82f-4db1-9216-74ed38cb30b2,1,0,1,1,1,91084
f88923ff-9c0a-44f0-849f-3ef55ed5c9a2,0,0,1,0,1,3446
036d581c-79fd-4685-8fd7-8efc84c1ab99,0,1,1,1,1,3926
64e856a8-e030-4eec-b517-233f1ae8e58d,1,0,1,1,1,8412
0a9e168a-b3b8-4dad-ace6-954706838266,1,1,0,1,1,12994
1f6edcee-d60a-4684-92c1-a42776e5353e,1,1,1,1,1,4745
023364ad-ee42-4fd2-80ef-6761fddf8c46,0,1,1,0,1,4186
e2f9b9b6-7c50-4bc5-8070-27acde8aa96a,0,1,1,1,1,1978
dd12e4ea-fd54-4507-9c89-a9b866f4a555,0,1,1,1,1,11510
8e1ea57c-ea12-49ca-b0dc-6ce12b6250ef,0,0,1,1,1,1404
8b908c8f-2a9d-4093-b5e5-ddbb83821739,0,1,1,1,1,850
5beb4fa8-18cd-4d45-b51e-ec8c1e7c2707,0,0,1,0,1,1896
ad078fd3-17f5-4074-b2c5-45cd8e3c60b1,0,0,1,0,1,1920
815ff279-ee56-4f62-8cd8-7a634e7c813f,0,0,1,1,1,7963
3f82d231-9c3e-4934-940c-9885dfeb62dc,0,1,1,1,1,10780
f40823ce-d71a-43db-841e-f6938d0b5ffc,1,0,1,1,1,6622
4d1028bc-2ffa-4c42-9502-8692d02be320,0,1,1,1,0,317
42ed11fd-00b0-4dd3-be82-51061d6beea0,0,1,1,1,0,384
5348aee5-e3f4-40f1-9e67-53a192c88ac0,1,1,0,0,1,11492
5aa69840-16b0-4fae-bbcc-545892e32def,0,0,1,1,1,1144
a304e856-4d16-4ad9-ae0a-56e7749f9006,1,0,0,0,1,8969
5f83a0be-41ad-46e6-b36a-0eeec847753f,1,0,1,0,1,746
e07457b7-852f-4c75-a25f-0d16885fcabe,1,1,1,0,1,43296
a6d3116b-fe19-4221-bcc4-ed396def97cc,1,1,1,1,1,904
7a1ff8a0-5a81-439e-8eaf-94139187446a,1,1,1,1,1,3186
b325ca82-d846-430e-8f80-d0dc21eb350d,0,1,1,1,0,15413
e26b6053-0b9d-40aa-8636-a119e1a05b96,0,0,1,1,1,11970
193cf2d6-2c5f-47a1-8732-d993ce88b28c,1,0,0,0,1,25529
09cef4a5-d902-4b6c-9f24-29e318360cb1,0,0,1,0,1,46696
12ff9d9f-489a-468f-8577-5258fba90acb,0,1,1,1,1,5567
f0378311-46c0-4a9e-8c86-2ddad1274189,0,1,0,1,1,3936
af00eab9-4c03-4c6b-ba0e-c7f9e58c232b,0,1,0,0,1,503
9bb34c8e-b1bb-441f-9d61-627abbe088aa,1,1,1,0,1,3378
3da19579-9726-4b8a-8e81-e1ff9762308c,0,0,1,1,1,8387
96bd1182-0f75-4ea2-bc56-faa55c2c9940,0,1,0,0,1,21372
e1df2d62-235f-4aed-8994-bb1b5eb53a47,0,1,1,1,0,41720
9446f016-53e4-40fb-a11a-78283d4a8923,1,0,1,1,0,3708
1c88bd6e-2c2b-4c05-b791-69a6ef8fca06,1,1,0,0,0,1671
e9a49b90-0a8f-4718-91a5-0cf8c4c3a25c,1,1,1,0,0,15980
2b08331c-8c6d-4bac-b9a9-01dd0da025e3,1,0,1,0,0,7221
6c34fd12-b0d3-4660-bd48-78320525d3df,1,1,1,1,0,17879
d18c0b68-f273-4fd1-b2b2-0aba400926a9,1,1,0,0,1,3278
6878d343-6c99-4cf0-bb03-450c374f72e0,0,1,0,0,0,3612
f49f2196-1678-4361-8851-3866d14e5b27,1,1,1,0,0,862
c02fd70c-cc4e-4425-ad1a-97f66798f18b,1,0,1,1,1,175020
4948c057-5524-498d-b7e2-a9ce6f4b8c59,1,1,1,1,1,178779
c48183a2-acca-4d6f-be53-343e6a6c6264,0,0,0,1,1,6822
cf455e4d-eb77-456d-809c-72ef57bcd0c0,0,0,1,1,1,43154
2c9399f5-6f50-4278-ac53-337a8f0ba0b4,0,1,1,1,1,3216
edec720d-9f80-491c-8c07-4ab4fe74e629,1,1,1,1,1,60474
312dfc22-e7a0-4bda-8239-31369b589f74,0,1,1,0,1,3940
5117128a-54dd-4aef-91ef-1b9a9d5dda5b,1,0,0,0,1,1268
160c76c3-f077-4009-a93b-83311f376515,0,1,0,0,1,4057
2eec518e-22dc-4c91-88da-983c2a209536,0,1,1,1,1,3161
9e64a0fa-6991-4503-ba55-b3ef356ef77a,0,1,1,0,1,575
e2b24f2f-503d-4159-9c8b-eb8663b09b71,0,1,1,0,1,1313
80a81eb7-842a-4aca-a7ae-07a505eaea38,0,0,1,0,0,2540
2794e7dc-75b6-4489-8a30-c1ffac0795e4,1,1,1,0,0,9412
